chunk_index,chunk,book_path,trade_path,snapshot_path
68,2025-12-18_00,/home/joyce/projects/data/raw/tardis_chunks/BTCUSDT/2025-12-18_00/book.parquet,/home/joyce/projects/data/raw/tardis_chunks/BTCUSDT/2025-12-18_00/trades.parquet,/home/joyce/projects/data/raw/tardis_chunks/BTCUSDT/2025-12-18_00/snapshot.parquet
69,2025-12-18_06,/home/joyce/projects/data/raw/tardis_chunks/BTCUSDT/2025-12-18_06/book.parquet,/home/joyce/projects/data/raw/tardis_chunks/BTCUSDT/2025-12-18_06/trades.parquet,/home/joyce/projects/data/raw/tardis_chunks/BTCUSDT/2025-12-18_06/snapshot.parquet
70,2025-12-18_12,/home/joyce/projects/data/raw/tardis_chunks/BTCUSDT/2025-12-18_12/book.parquet,/home/joyce/projects/data/raw/tardis_chunks/BTCUSDT/2025-12-18_12/trades.parquet,/home/joyce/projects/data/raw/tardis_chunks/BTCUSDT/2025-12-18_12/snapshot.parquet
71,2025-12-18_18,/home/joyce/projects/data/raw/tardis_chunks/BTCUSDT/2025-12-18_18/book.parquet,/home/joyce/projects/data/raw/tardis_chunks/BTCUSDT/2025-12-18_18/trades.parquet,/home/joyce/projects/data/raw/tardis_chunks/BTCUSDT/2025-12-18_18/snapshot.parquet
72,2025-12-19_00,/home/joyce/projects/data/raw/tardis_chunks/BTCUSDT/2025-12-19_00/book.parquet,/home/joyce/projects/data/raw/tardis_chunks/BTCUSDT/2025-12-19_00/trades.parquet,/home/joyce/projects/data/raw/tardis_chunks/BTCUSDT/2025-12-19_00/snapshot.parquet
73,2025-12-19_06,/home/joyce/projects/data/raw/tardis_chunks/BTCUSDT/2025-12-19_06/book.parquet,/home/joyce/projects/data/raw/tardis_chunks/BTCUSDT/2025-12-19_06/trades.parquet,/home/joyce/projects/data/raw/tardis_chunks/BTCUSDT/2025-12-19_06/snapshot.parquet
74,2025-12-19_12,/home/joyce/projects/data/raw/tardis_chunks/BTCUSDT/2025-12-19_12/book.parquet,/home/joyce/projects/data/raw/tardis_chunks/BTCUSDT/2025-12-19_12/trades.parquet,/home/joyce/projects/data/raw/tardis_chunks/BTCUSDT/2025-12-19_12/snapshot.parquet
75,2025-12-19_18,/home/joyce/projects/data/raw/tardis_chunks/BTCUSDT/2025-12-19_18/book.parquet,/home/joyce/projects/data/raw/tardis_chunks/BTCUSDT/2025-12-19_18/trades.parquet,/home/joyce/projects/data/raw/tardis_chunks/BTCUSDT/2025-12-19_18/snapshot.parquet
76,2025-12-20_00,/home/joyce/projects/data/raw/tardis_chunks/BTCUSDT/2025-12-20_00/book.parquet,/home/joyce/projects/data/raw/tardis_chunks/BTCUSDT/2025-12-20_00/trades.parquet,/home/joyce/projects/data/raw/tardis_chunks/BTCUSDT/2025-12-20_00/snapshot.parquet
77,2025-12-20_06,/home/joyce/projects/data/raw/tardis_chunks/BTCUSDT/2025-12-20_06/book.parquet,/home/joyce/projects/data/raw/tardis_chunks/BTCUSDT/2025-12-20_06/trades.parquet,/home/joyce/projects/data/raw/tardis_chunks/BTCUSDT/2025-12-20_06/snapshot.parquet
78,2025-12-20_12,/home/joyce/projects/data/raw/tardis_chunks/BTCUSDT/2025-12-20_12/book.parquet,/home/joyce/projects/data/raw/tardis_chunks/BTCUSDT/2025-12-20_12/trades.parquet,/home/joyce/projects/data/raw/tardis_chunks/BTCUSDT/2025-12-20_12/snapshot.parquet
79,2025-12-20_18,/home/joyce/projects/data/raw/tardis_chunks/BTCUSDT/2025-12-20_18/book.parquet,/home/joyce/projects/data/raw/tardis_chunks/BTCUSDT/2025-12-20_18/trades.parquet,/home/joyce/projects/data/raw/tardis_chunks/BTCUSDT/2025-12-20_18/snapshot.parquet
80,2025-12-22_00,/home/joyce/projects/data/raw/tardis_chunks/BTCUSDT/2025-12-22_00/book.parquet,/home/joyce/projects/data/raw/tardis_chunks/BTCUSDT/2025-12-22_00/trades.parquet,/home/joyce/projects/data/raw/tardis_chunks/BTCUSDT/2025-12-22_00/snapshot.parquet
81,2025-12-22_06,/home/joyce/projects/data/raw/tardis_chunks/BTCUSDT/2025-12-22_06/book.parquet,/home/joyce/projects/data/raw/tardis_chunks/BTCUSDT/2025-12-22_06/trades.parquet,/home/joyce/projects/data/raw/tardis_chunks/BTCUSDT/2025-12-22_06/snapshot.parquet
82,2025-12-22_12,/home/joyce/projects/data/raw/tardis_chunks/BTCUSDT/2025-12-22_12/book.parquet,/home/joyce/projects/data/raw/tardis_chunks/BTCUSDT/2025-12-22_12/trades.parquet,/home/joyce/projects/data/raw/tardis_chunks/BTCUSDT/2025-12-22_12/snapshot.parquet
83,2025-12-22_18,/home/joyce/projects/data/raw/tardis_chunks/BTCUSDT/2025-12-22_18/book.parquet,/home/joyce/projects/data/raw/tardis_chunks/BTCUSDT/2025-12-22_18/trades.parquet,/home/joyce/projects/data/raw/tardis_chunks/BTCUSDT/2025-12-22_18/snapshot.parquet
84,2025-12-23_00,/home/joyce/projects/data/raw/tardis_chunks/BTCUSDT/2025-12-23_00/book.parquet,/home/joyce/projects/data/raw/tardis_chunks/BTCUSDT/2025-12-23_00/trades.parquet,/home/joyce/projects/data/raw/tardis_chunks/BTCUSDT/2025-12-23_00/snapshot.parquet
85,2025-12-23_06,/home/joyce/projects/data/raw/tardis_chunks/BTCUSDT/2025-12-23_06/book.parquet,/home/joyce/projects/data/raw/tardis_chunks/BTCUSDT/2025-12-23_06/trades.parquet,/home/joyce/projects/data/raw/tardis_chunks/BTCUSDT/2025-12-23_06/snapshot.parquet
86,2025-12-23_12,/home/joyce/projects/data/raw/tardis_chunks/BTCUSDT/2025-12-23_12/book.parquet,/home/joyce/projects/data/raw/tardis_chunks/BTCUSDT/2025-12-23_12/trades.parquet,/home/joyce/projects/data/raw/tardis_chunks/BTCUSDT/2025-12-23_12/snapshot.parquet
87,2025-12-23_18,/home/joyce/projects/data/raw/tardis_chunks/BTCUSDT/2025-12-23_18/book.parquet,/home/joyce/projects/data/raw/tardis_chunks/BTCUSDT/2025-12-23_18/trades.parquet,/home/joyce/projects/data/raw/tardis_chunks/BTCUSDT/2025-12-23_18/snapshot.parquet
88,2025-12-26_00,/home/joyce/projects/data/raw/tardis_chunks/BTCUSDT/2025-12-26_00/book.parquet,/home/joyce/projects/data/raw/tardis_chunks/BTCUSDT/2025-12-26_00/trades.parquet,/home/joyce/projects/data/raw/tardis_chunks/BTCUSDT/2025-12-26_00/snapshot.parquet
89,2025-12-26_06,/home/joyce/projects/data/raw/tardis_chunks/BTCUSDT/2025-12-26_06/book.parquet,/home/joyce/projects/data/raw/tardis_chunks/BTCUSDT/2025-12-26_06/trades.parquet,/home/joyce/projects/data/raw/tardis_chunks/BTCUSDT/2025-12-26_06/snapshot.parquet
90,2025-12-26_12,/home/joyce/projects/data/raw/tardis_chunks/BTCUSDT/2025-12-26_12/book.parquet,/home/joyce/projects/data/raw/tardis_chunks/BTCUSDT/2025-12-26_12/trades.parquet,/home/joyce/projects/data/raw/tardis_chunks/BTCUSDT/2025-12-26_12/snapshot.parquet
91,2025-12-26_18,/home/joyce/projects/data/raw/tardis_chunks/BTCUSDT/2025-12-26_18/book.parquet,/home/joyce/projects/data/raw/tardis_chunks/BTCUSDT/2025-12-26_18/trades.parquet,/home/joyce/projects/data/raw/tardis_chunks/BTCUSDT/2025-12-26_18/snapshot.parquet
92,2025-12-27_00,/home/joyce/projects/data/raw/tardis_chunks/BTCUSDT/2025-12-27_00/book.parquet,/home/joyce/projects/data/raw/tardis_chunks/BTCUSDT/2025-12-27_00/trades.parquet,/home/joyce/projects/data/raw/tardis_chunks/BTCUSDT/2025-12-27_00/snapshot.parquet
93,2025-12-27_06,/home/joyce/projects/data/raw/tardis_chunks/BTCUSDT/2025-12-27_06/book.parquet,/home/joyce/projects/data/raw/tardis_chunks/BTCUSDT/2025-12-27_06/trades.parquet,/home/joyce/projects/data/raw/tardis_chunks/BTCUSDT/2025-12-27_06/snapshot.parquet
94,2025-12-27_12,/home/joyce/projects/data/raw/tardis_chunks/BTCUSDT/2025-12-27_12/book.parquet,/home/joyce/projects/data/raw/tardis_chunks/BTCUSDT/2025-12-27_12/trades.parquet,/home/joyce/projects/data/raw/tardis_chunks/BTCUSDT/2025-12-27_12/snapshot.parquet
95,2025-12-27_18,/home/joyce/projects/data/raw/tardis_chunks/BTCUSDT/2025-12-27_18/book.parquet,/home/joyce/projects/data/raw/tardis_chunks/BTCUSDT/2025-12-27_18/trades.parquet,/home/joyce/projects/data/raw/tardis_chunks/BTCUSDT/2025-12-27_18/snapshot.parquet
96,2025-12-28_00,/home/joyce/projects/data/raw/tardis_chunks/BTCUSDT/2025-12-28_00/book.parquet,/home/joyce/projects/data/raw/tardis_chunks/BTCUSDT/2025-12-28_00/trades.parquet,/home/joyce/projects/data/raw/tardis_chunks/BTCUSDT/2025-12-28_00/snapshot.parquet
97,2025-12-28_06,/home/joyce/projects/data/raw/tardis_chunks/BTCUSDT/2025-12-28_06/book.parquet,/home/joyce/projects/data/raw/tardis_chunks/BTCUSDT/2025-12-28_06/trades.parquet,/home/joyce/projects/data/raw/tardis_chunks/BTCUSDT/2025-12-28_06/snapshot.parquet
98,2025-12-28_12,/home/joyce/projects/data/raw/tardis_chunks/BTCUSDT/2025-12-28_12/book.parquet,/home/joyce/projects/data/raw/tardis_chunks/BTCUSDT/2025-12-28_12/trades.parquet,/home/joyce/projects/data/raw/tardis_chunks/BTCUSDT/2025-12-28_12/snapshot.parquet
99,2025-12-28_18,/home/joyce/projects/data/raw/tardis_chunks/BTCUSDT/2025-12-28_18/book.parquet,/home/joyce/projects/data/raw/tardis_chunks/BTCUSDT/2025-12-28_18/trades.parquet,/home/joyce/projects/data/raw/tardis_chunks/BTCUSDT/2025-12-28_18/snapshot.parquet
